<?xml version="1.0" encoding="utf-8"?>
<games >
	<item>
		<gamePkg>ddz</gamePkg>
		<gameName>三人斗地主</gameName>
		<gameEntry>\games\ddz\gameConfig.lua</gameEntry>
		<zipPath>\game_ddz</zipPath>
		<batName>sync_publish_app_ddz.bat</batName>
	</item>
	<item>
		<gamePkg>scddz</gamePkg>
		<gameName>川味斗地主</gameName>
		<gameEntry>\games\scddz\gameConfig.lua</gameEntry>
		<zipPath>\game_scddz</zipPath>
		<batName>sync_publish_app_scddz.bat</batName>
	</item>
	<item>
		<gamePkg>erren</gamePkg>
		<gameName>二人麻将</gameName>
		<gameEntry>\games\erren\gameConfig.lua</gameEntry>
		<zipPath>\game_erren</zipPath>
		<batName>sync_publish_app_erren.bat</batName>
	</item>
	<item>
		<gamePkg>scmj</gamePkg>
		<gameName>血战到底</gameName>
		<gameEntry>\games\scmj\gameConfig.lua</gameEntry>
		<zipPath>\game_scmj</zipPath>
		<batName>sync_publish_app_scmj.bat</batName>
	</item>
	<item>
		<gamePkg>eqs</gamePkg>
		<gameName>二七十</gameName>
		<gameEntry>\games\eqs\gameConfig.lua</gameEntry>
		<zipPath>\game_eqs</zipPath>
		<batName>sync_publish_app_eqs.bat</batName>
	</item>
	<item>
		<gamePkg>magu</gamePkg>
		<gameName>马股</gameName>
		<gameEntry>\games\magu\gameConfig.lua</gameEntry>
		<zipPath>\game_magu</zipPath>
		<batName>sync_publish_app_magu.bat</batName>
	</item>
	<item>
		<gamePkg>xlch</gamePkg>
		<gameName>血流成河</gameName>
		<gameEntry>\games\xlch\gameConfig.lua</gameEntry>
		<zipPath>\game_xlch</zipPath>
		<batName>sync_publish_app_xlch.bat</batName>
	</item>
	<item>
		<gamePkg>hall</gamePkg>
		<gameName>大厅</gameName>
		<gameEntry>\hall\gameConfig.lua</gameEntry>
		<zipPath>\game_hall</zipPath>
		<batName>sync_publish_app_all.bat</batName>
	</item>	
</games>

